Title,Price,Date,Time
Fossil Nate Men's Watch with Oversized Chronograph Watch Dial and Stainless Steel or Leather Band,$115.98,2025-01-19,15:29:16.980491
Fossil Nate Men's Watch with Oversized Chronograph Watch Dial and Stainless Steel or Leather Band,$115.98,2025-01-19,15:35:38.919046
Fossil Nate Men's Watch with Oversized Chronograph Watch Dial and Stainless Steel or Leather Band,$115.98,2025-01-19,15:35:47.722928
Fossil Nate Men's Watch with Oversized Chronograph Watch Dial and Stainless Steel or Leather Band,$115.98,2025-01-19,15:35:56.783590
Fossil Nate Men's Watch with Oversized Chronograph Watch Dial and Stainless Steel or Leather Band,$115.98,2025-01-19,15:36:05.706132
Fossil Nate Men's Watch with Oversized Chronograph Watch Dial and Stainless Steel or Leather Band,$115.98,2025-01-19,16:27:33.113061
Fossil Nate Men's Watch with Oversized Chronograph Watch Dial and Stainless Steel or Leather Band,$115.98,2025-01-19,16:27:42.188435
Fossil Nate Men's Watch with Oversized Chronograph Watch Dial and Stainless Steel or Leather Band,$115.98,2025-01-19,16:27:51.460931
Fossil Nate Men's Watch with Oversized Chronograph Watch Dial and Stainless Steel or Leather Band,$115.98,2025-01-19,16:30:18.857440
Fossil Nate Men's Watch with Oversized Chronograph Watch Dial and Stainless Steel or Leather Band,$115.98,2025-01-19,16:31:28.076874
Fossil Nate Men's Watch with Oversized Chronograph Watch Dial and Stainless Steel or Leather Band,$115.98,2025-01-19,16:31:37.025440
Fossil Nate Men's Watch with Oversized Chronograph Watch Dial and Stainless Steel or Leather Band,$115.98,2025-01-19,16:31:46.048788
Fossil Nate Men's Watch with Oversized Chronograph Watch Dial and Stainless Steel or Leather Band,$115.98,2025-01-19,16:31:55.240567
Fossil Nate Men's Watch with Oversized Chronograph Watch Dial and Stainless Steel or Leather Band,$115.98,2025-01-19,16:32:04.236492
Fossil Nate Men's Watch with Oversized Chronograph Watch Dial and Stainless Steel or Leather Band,$115.98,2025-01-19,16:32:13.304685
Fossil Nate Men's Watch with Oversized Chronograph Watch Dial and Stainless Steel or Leather Band,$115.98,2025-01-19,16:38:52.963061
Fossil Nate Men's Watch with Oversized Chronograph Watch Dial and Stainless Steel or Leather Band,$115.98,2025-01-19,16:38:52.963061
Fossil Nate Men's Watch with Oversized Chronograph Watch Dial and Stainless Steel or Leather Band,$115.98,2025-01-19,16:38:52.963061
Fossil Nate Men's Watch with Oversized Chronograph Watch Dial and Stainless Steel or Leather Band,$115.98,2025-01-19,16:38:52.963061
Fossil Nate Men's Watch with Oversized Chronograph Watch Dial and Stainless Steel or Leather Band,$115.98,2025-01-19,16:50:52.101004
